{
  "mean": 107.41193853581365,
  "std": 219.96180535228203,
  "n_voxels": 21364965504,
  "n_patients": 1506
}